path	functions	bytes	sha256
scripts/build-gnumach.sh	0	2288	d936e56e743fc3e104f2e70b9c322373b09e19373cb9413564a3d26afbe377a1
scripts/build-mig.sh	0	2554	029a8e9c693e9773f04a563e986bb9eb2599c384e925a9fe9674a5a635d49712
scripts/build-stage0-headers.sh	0	2807	da7728af81997427744d3cbd1d97fa95a07b49c1733e1c7bb29257bfa4925dad
scripts/check.sh	0	2143	b81ad3e77937c09716ed3e0984465a01eaadaf184bcf90f4710420e30911ea9d
scripts/fetch-debian-inspiration.sh	0	1557	2f2447c003c57e30f526ba1fac2a75818d06aaf001f19a5a2b3afe3f7093bead
scripts/fetch-sources.sh	1	2911	6e18bd6d713927bc6b940f6372808a95b8636ff4f1b2ed1225d702fab0356b04
scripts/gen-maps.sh	0	4068	b39b396a3cecc0ba0d92ce9834b2215d014360a9c3b35bbd330fdb20c1dfea1d
scripts/guest-shell.sh	2	2875	337f13b9778ad29d35e9d5ade1f9cf4c9b0941caed99b6681d8f243935da81f5
scripts/host-preflight.sh	1	1627	da07cd1dee3048a07c147226c0d18719c6dace0578224bbd71685a3f5976fb3b
scripts/host-tooling-scan.sh	1	2618	ad0abaf12d70c0454fbdf93cf2668f17152d2c74bfc60a9dd080417de3b3c01f
scripts/link-local-dev-assets.sh	1	1831	2921ee8b0de1b1320ab628426a07a02a3019b59ffeb615027f41f596eb3f2cec
scripts/mkhurdroot.sh	1	3017	e42c05cf9e8ed2bfe8296d01c84b1b36a9be9674f7f86e243e3b55bb988aeba9
scripts/plan.sh	0	1103	f5e5dfba27c83dd4df76e89e5b00beb3d517d8fb772572a9c168c311d3e0e7a1
scripts/qemu-guest-hint.sh	0	1578	773b7ed4f3b73b6612b8d9d4477adf341936944e3f32c2b49eac35d498fcd874
scripts/qemu-smoke.sh	1	1063	192db7e26b50e16a4b699154c66d57a09c0fe4025dab5b366405650a7f5d06fb
scripts/seed-local-repo.sh	0	1129	7f8186e7b5646b67f2c64821808fd3fbcd5f9e89fff19b21443f405dce78d75e
scripts/status.sh	0	3789	a6e860b425992e38bcb0b55cfc41aae013ca1ea492f3184114a81368d836b756
scripts/verify-pure-gnu-default.sh	0	3427	1ec4f2c8879e86e6526c4be21497c6fd6ad03fb2598dc24c38aea7895841564b
