claim_id	claim	authority	status	falsifier	validation	artifact	owner	notes
C-empty-repo	Workspace was empty before rebootstrap init on 2026-07-25	local filesystem	known	git history shows prior content	ls -la; git log	evidence/captures/repo-init.txt	orchestrator	baseline
C-hist-i686	Historical Arch Hurd product line is i686-centric and package-stale (~glibc 2.29 era)	archhurd.org; z3ntu github; wikipedia	known	maintained x86_64 Arch Hurd mirror with post-2024 packages appears	curl archhurd.org; github API	docs/research/2026-hurd-landscape.md	orchestrator	
C-debian-2025	Debian GNU/Hurd 2025 ships complete amd64 with Rump disk ~72% archive	debian.org ports news 2025-08-10	known	announcement retracted or images unavailable	open debian hurd-news	docs/research/2026-hurd-landscape.md	orchestrator	
C-fosdem-2026	FOSDEM 2026 presents rump/SMP/64-bit progress and names Arch among distros	fosdem.org event page; slides	known	talk abstract differs materially	fetch fosdem event	docs/research/2026-hurd-landscape.md	orchestrator	
C-guix-64	Guix landed x86_64-gnu childhurd/image support by 2026-03	guix.gnu.org blog	known	blog claims reverse	fetch guix blog	docs/research/2026-hurd-landscape.md	orchestrator	
C-xattr-boot	xattr translator storage enables non-Hurd host root assembly	Debian 2025 news	known	xattrs insufficient for required translators	mmdebstrap or getfattr on Debian image	docs/research/novel-insights.md	orchestrator	I2
C-abi-oracle	Arch identity can ride Debian/Guix ABI oracle without dpkg identity	synthesis	hypothesized	M0 only possible by becoming Debian derivative	attempt Arch PKGBUILD path	docs/research/novel-insights.md	orchestrator	I1
C-triple	Primary target triple is x86_64-pc-gnu	upstream GCC/Hurd; Debian amd64	known	i686-only still required for modern Hurd	build amd64 Hurd elsewhere	docs/architecture/bootstrap-ladder.md	orchestrator	I4
C-rump-first	Rump disk/net are first-class base packages not optional extras	Debian 2025; Guix noide/rumpdisk	hypothesized	legacy IDE-only gnumach base meets G0 without Rump on amd64	QEMU tests	packages/base/PACKAGE_SET.md	orchestrator	I3
C-m0-undefined-green	M0 G0 is not yet green in this repository	local tree	known	evidence/captures/m0-* with pacman proof exists	./scripts/status.sh	docs/roadmap/ULTRA_ROADMAP.md	orchestrator	honest gate
C-pacman-port	pacman can be made to run on Hurd with bounded Linuxism patches	historical Arch Hurd pacman 5.1; synthesis	hypothesized	blocking kernel APIs with no Hurd equivalent	build pacman on Debian Hurd	packages/base/pacman/PKGBUILD	orchestrator	
C-product-gate	Bootstrap readiness multiplies zero-able coefficients	novel-insights I8	hypothesized	sum model predicts success better than product on real data	track gate failures	docs/research/novel-insights.md	orchestrator	
C-oracle-gnumach	Debian sid gnumach is 2:1.8+git20260224-11 as of 2026-07-25	debian madison	known	madison returns different version on re-query	curl madison gnumach	agents/handbacks/A-oracle-pins.tsv	orchestrator	
C-oracle-hurd	Debian sid hurd is 1:0.9.git20260527-3 as of 2026-07-25	debian madison	known	madison returns different version	curl madison hurd	agents/handbacks/A-oracle-pins.tsv	orchestrator	
C-hist-pkg-count	z3ntu/archhurd_packages exposes 175 package directories	github API listing	known	listing returns empty or error	agents/handbacks/A-hist-pkg.tsv	agents/handbacks/A-hist-pkg.tsv	orchestrator	structure mine only
C-host-mig	Research host provides /usr/bin/mig	host preflight	known	command -v mig fails	make preflight	evidence/captures/repo-init.txt	orchestrator	
C-stage0-headers	gnumach headers install into build/stage0/include/mach for x86_64	local build	known	STAGE0_HEADERS.ok missing	make stage0	build/stage0/STAGE0_HEADERS.ok	orchestrator	platform=at
C-stage0-mig	Oracle mig 1.8+git20231217 builds against stage0 headers	local build	known	MIG.ok missing	make mig	build/stage0/MIG.ok	orchestrator	TARGET_CPPFLAGS required
C-gnumach-elf64	gnumach kernel builds as ELF64 x86-64 image ~3.2MiB	local build	known	GNUMACH.ok missing or wrong file type	make gnumach; file build/stage0/boot/gnumach	evidence/captures/p3-gnumach-success.txt	orchestrator	sha256 in capture
C-host-mig-mismatch	Stock host mig cannot build modern gnumach defs	local failure then fix	known	host mig alone succeeds on gnumach make	documented in build-gnumach failure log	evidence/captures/	orchestrator	must use stage0 mig
C-pure-gnu-base	Product base is Savannah gnumach/mig/hurd git not Debian packages	SOURCE_POLICY	known	default make fetch uses deb.debian.org	make fetch; ls build/cache/gnu	docs/architecture/SOURCE_POLICY.md	orchestrator	corrected 2026-07-26
C-pure-gnumach-build	Pure Savannah gnumach builds ELF64 without Debian patches	local build	known	build fails without debian/patches	make fetch stage0 mig gnumach	evidence/captures/p3-gnumach-pure-gnu-success.txt	orchestrator	sha 4f55f491...
C-rump-in-hurd-tree	rumpdisk and rumpnet live in pure hurd.git	savannah hurd tree listing	known	directories absent from hurd.git	ls build/cache/gnu/hurd/rumpdisk	packages/base/rumpdisk/PKGBUILD	orchestrator	
C-host-gnumig	Host package gnumig 1.8-1 provides /usr/bin/mig	pacman -Qi gnumig	known	package absent	pacman -Q gnumig	packages/host/gnumig/README.md	orchestrator	from OS-Projects/mig-gnu
C-aur-no-hurd	AUR has no gnumig/gnumach/hurd packages as of 2026-07-26	aur rpc v5 search	known	packages appear on AUR	curl aur rpc	docs/architecture/DEV_ENVIRONMENTS.md	orchestrator	
C-local-qemu-images	Workstation has >=4 Hurd qcow2 under gnu-hurd-docker/images	filesystem inventory	known	directory empty	make scan-tools	evidence/captures/host-tooling-scan-*.tsv	orchestrator	guest tooling only
C-docker-not-native-hurd	Docker Hub has no usable native Hurd userspace image; QEMU wrap is the model	docker search + hub	known	true Hurd-in-OCI without hypervisor appears	docker search; DEV_ENVIRONMENTS	docs/architecture/DEV_ENVIRONMENTS.md	orchestrator	
C-glibc-strategy-a	glibc path is guest-native pure Savannah builds (plan option a)	plan approval 2026-07-26	known	guest cannot compile; strategy flips to host cross	docs/architecture/GLIBC_STRATEGY.md	docs/architecture/GLIBC_STRATEGY.md	orchestrator	
C-roadmap-aligned-2026-07-26	ULTRA_ROADMAP and EXECUTION_PLAN match pure GNU + multi-lane + strategy a	repo edit	known	docs still claim Debian pool as default base	docs/roadmap/ULTRA_ROADMAP.md	docs/roadmap/	orchestrator
C-glibc-pinned	Savannah hurd/glibc.git pinned at 80be325 via make fetch	local fetch 2026-07-29	known	pin missing after fetch	cat frontier/ORACLE_PINS.tsv; ls build/cache/gnu/glibc	frontier/ORACLE_PINS.tsv	orchestrator	guest-native build still open
C-maps-scripts-complete	make maps inventories every scripts/*.sh with sha256	gen-maps.sh inventory	known	inventory missing a script	make maps; awk NR>1 analysis/maps/scripts.inventory.tsv	analysis/maps/MAP_MANIFEST.tsv	orchestrator	lexical only
C-m0-still-absent	M0 boot+pacman evidence remains absent	status.sh	known	evidence/captures/m0-* appears without real boot	make status	evidence/captures/	orchestrator	honest gate
C-pure-fetch-default	make fetch defaults to Savannah git clones only	fetch-sources.sh	known	fetch-sources hits deb.debian.org	rg deb.debian.org scripts/fetch-sources.sh; make pure-gnu-gate	scripts/verify-pure-gnu-default.sh	orchestrator	
